mode,n_samples,accuracy,precision_macro,recall_macro,f1_macro,spam_recall,ham_recall,tp,fp,fn,tn,error_count,avg_latency_s
tfidf_lr,75,0.9866666666666667,0.9924242424242424,0.95,0.969867416633186,0.9,1.0,9,0,1,65,0,0.0001
base_llm,75,0.88,0.7560851926977687,0.8884615384615384,0.7967479674796748,0.9,0.8769230769230769,9,8,1,57,0,0.9988
basic_rag,75,1.0,1.0,1.0,1.0,1.0,1.0,10,0,0,65,0,1.4964
advanced_base,75,0.9866666666666667,0.9545454545454546,0.9923076923076923,0.9723145071982281,1.0,0.9846153846153847,10,1,0,64,0,5.9119
advanced_lora,75,0.88,0.9391891891891893,0.55,0.5585349901896665,0.1,1.0,1,0,9,65,0,10.7867
guarded_fallback,75,0.9866666666666667,0.9545454545454546,0.9923076923076923,0.9723145071982281,1.0,0.9846153846153847,10,1,0,64,0,11.7479
