mode,n_samples,accuracy,precision_macro,recall_macro,f1_macro,spam_recall,ham_recall,tp,fp,fn,tn,error_count,avg_latency_s
tfidf_lr,30,0.9666666666666667,0.9814814814814814,0.875,0.9191374663072776,0.75,1.0,3,0,1,26,0,0.0001
base_llm,30,0.8666666666666667,0.7291666666666667,0.8173076923076923,0.76,0.75,0.8846153846153846,3,3,1,23,0,0.8539
basic_rag,30,1.0,1.0,1.0,1.0,1.0,1.0,4,0,0,26,0,1.4625
advanced_base,30,1.0,1.0,1.0,1.0,1.0,1.0,4,0,0,26,0,5.6724
advanced_lora,30,0.8666666666666667,0.43333333333333335,0.5,0.4642857142857143,0.0,1.0,0,0,4,26,0,11.0517
guarded_fallback,30,1.0,1.0,1.0,1.0,1.0,1.0,4,0,0,26,0,11.3166
